id,first_name,last_name,email,gender,ip_address
1,Perl,Sherry,psherry0@tinyurl.com,Female,100.72.49.106
2,Audra,Clapp,aclapp1@dailymail.co.uk,Female,237.178.10.222
3,Viva,Tejero,vtejero2@symantec.com,Female,255.100.114.23
4,Calley,Watkiss,cwatkiss3@nbcnews.com,Female,82.188.236.98
5,Hughie,Bailie,hbailie4@joomla.org,Male,202.245.61.204
6,Mel,Lenormand,mlenormand5@biglobe.ne.jp,Male,210.248.42.100
7,Munroe,Dictus,mdictus6@pbs.org,Male,187.83.129.104
8,Lindsey,Rosling,lrosling7@mozilla.org,Female,232.243.121.121
9,Kimberly,Gobert,kgobert8@rambler.ru,Female,85.37.225.65
10,Tana,Clendening,tclendening9@berkeley.edu,Female,208.98.199.207
11,Drud,Ramard,dramarda@un.org,Male,30.44.75.46
12,Carmine,Nevins,cnevinsb@drupal.org,Male,179.156.199.208
13,Baxter,O'Scollee,boscolleec@omniture.com,Male,159.129.89.56
14,Allis,Kirvell,akirvelld@usatoday.com,Female,165.177.248.225
15,Daryl,Zanitti,dzanittie@disqus.com,Male,190.157.234.121
16,Jerome,Taffs,jtaffsf@123-reg.co.uk,Male,111.229.160.45
17,Megen,Langlois,mlangloisg@opera.com,Female,144.96.65.31
18,Grier,Epp,gepph@jalbum.net,Female,139.214.136.190
19,Filmer,McGuirk,fmcguirki@msn.com,Male,44.211.204.254
20,Hogan,Kitchingham,hkitchinghamj@ox.ac.uk,Non-binary,198.101.238.79
21,Genny,Vuittet,gvuittetk@icio.us,Female,112.108.222.201
22,Elliot,Gerriets,egerrietsl@state.gov,Male,17.68.32.66
23,Cristian,Deeth,cdeethm@example.com,Male,251.135.73.233
24,Ross,Wyness,rwynessn@youtube.com,Male,12.223.196.6
25,Isidora,Boog,iboogo@mozilla.org,Bigender,140.58.215.226
26,Selena,Owenson,sowensonp@fema.gov,Female,139.122.90.90
27,Alvy,Lancley,alancleyq@businessinsider.com,Male,96.50.113.33
28,Durand,Arendsen,darendsenr@mapquest.com,Male,254.224.188.64
29,Lyndsie,Thorrington,lthorringtons@domainmarket.com,Female,51.128.166.68
30,Blythe,Maplethorp,bmaplethorpt@blogger.com,Polygender,28.221.149.233
31,Oralia,Dedon,odedonu@clickbank.net,Female,57.149.205.20
32,Harcourt,Aldhous,haldhousv@tumblr.com,Male,160.130.52.250
33,Justinn,Merrydew,jmerrydeww@seesaa.net,Female,206.44.252.130
34,Ganny,Tooby,gtoobyx@goodreads.com,Male,132.157.121.129
35,Stacee,Delgardillo,sdelgardilloy@imdb.com,Female,183.133.121.49
36,Erv,Casemore,ecasemorez@tripadvisor.com,Male,73.247.144.197
37,Madelaine,Metrick,mmetrick10@alibaba.com,Female,159.135.147.150
38,Bibi,Evemy,bevemy11@sciencedaily.com,Female,107.176.197.114
39,Dael,Butters,dbutters12@ehow.com,Female,83.190.175.31
40,Tori,Rentenbeck,trentenbeck13@salon.com,Female,154.122.97.122
41,Audre,Boult,aboult14@apache.org,Female,238.7.104.23
42,Hanni,Capstake,hcapstake15@narod.ru,Female,198.214.87.61
43,Kaitlynn,Chasmoor,kchasmoor16@cnn.com,Female,136.83.13.55
44,Margarethe,Yashnov,myashnov17@hostgator.com,Female,5.92.185.105
45,Olly,McTrusty,omctrusty18@bing.com,Genderfluid,211.84.138.8
46,Jennica,Gallaway,jgallaway19@cnbc.com,Female,128.150.125.3
47,Marco,Bruntje,mbruntje1a@gnu.org,Male,141.211.109.10
48,Horten,Chapelle,hchapelle1b@google.co.jp,Agender,142.203.149.149
49,Lorena,Lorrimer,llorrimer1c@trellian.com,Female,194.142.170.232
50,Dorothea,Schutze,dschutze1d@yale.edu,Female,253.46.14.173
51,Tabbi,Brenston,tbrenston1e@amazon.de,Genderfluid,73.116.55.166
52,Hugo,Knowlson,hknowlson1f@kickstarter.com,Genderfluid,5.203.180.140
53,Roslyn,Torr,rtorr1g@illinois.edu,Genderfluid,7.214.190.94
54,Harp,Hallewell,hhallewell1h@nytimes.com,Male,62.15.89.83
55,Mitchell,McIndrew,mmcindrew1i@chicagotribune.com,Male,5.3.28.6
56,Elvyn,MacMenamin,emacmenamin1j@free.fr,Male,244.73.139.128
57,Cos,Pluvier,cpluvier1k@bing.com,Male,212.133.180.169
58,Amity,Lowing,alowing1l@berkeley.edu,Female,145.147.216.150
59,Levin,Isoldi,lisoldi1m@chicagotribune.com,Male,171.222.174.101
60,Brunhilda,Bullingham,bbullingham1n@squarespace.com,Female,60.180.199.36
61,Andreas,Corr,acorr1o@forbes.com,Male,212.125.29.156
62,Gert,Krysiak,gkrysiak1p@google.it,Female,236.58.46.97
63,Darill,Craighead,dcraighead1q@ucoz.ru,Male,51.102.248.180
64,Leonid,Littrik,llittrik1r@vk.com,Bigender,188.47.107.143
65,Doti,Osban,dosban1s@livejournal.com,Female,214.200.93.76
66,Helaina,Zylberdik,hzylberdik1t@engadget.com,Female,128.173.220.17
67,Danie,Dreigher,ddreigher1u@sogou.com,Male,25.1.93.252
68,Vernon,Glaum,vglaum1v@indiatimes.com,Male,116.162.129.251
69,Manon,Vanyashin,mvanyashin1w@wisc.edu,Female,115.31.121.210
70,Tamra,Ashbee,tashbee1x@nasa.gov,Female,127.250.41.21
71,Arnie,Soughton,asoughton1y@blogtalkradio.com,Genderfluid,123.213.245.192
72,Fanchon,Veque,fveque1z@reuters.com,Female,144.193.164.63
73,Bailie,Merit,bmerit20@exblog.jp,Genderfluid,218.157.62.139
74,Andeee,Rosenbusch,arosenbusch21@google.fr,Female,22.57.142.16
75,Talya,Jepson,tjepson22@mtv.com,Female,134.14.146.43
76,Jere,Howkins,jhowkins23@bluehost.com,Male,217.157.223.74
77,Peggie,Willford,pwillford24@washingtonpost.com,Female,207.124.28.196
78,Marget,Aysik,maysik25@ezinearticles.com,Female,223.173.66.84
79,Judon,Sibbald,jsibbald26@xinhuanet.com,Male,74.155.109.200
80,Kerri,Rodinger,krodinger27@slashdot.org,Female,199.94.163.11
81,Emery,Overstall,eoverstall28@naver.com,Non-binary,19.212.9.132
82,Inness,Garrick,igarrick29@gnu.org,Male,189.215.242.162
83,Wendi,Hedin,whedin2a@nasa.gov,Female,241.14.182.24
84,Noelani,Jaouen,njaouen2b@is.gd,Female,56.121.39.79
85,Maryl,Insull,minsull2c@addthis.com,Female,240.117.107.142
86,Ashley,Jayne,ajayne2d@lulu.com,Female,115.237.215.104
87,Lena,McGilmartin,lmcgilmartin2e@live.com,Female,102.223.208.226
88,Kevyn,Chatres,kchatres2f@weibo.com,Female,27.126.178.245
89,Ulysses,Kearford,ukearford2g@oracle.com,Male,241.194.114.88
90,Silvanus,Myring,smyring2h@scribd.com,Male,226.242.47.10
91,Hayley,Featenby,hfeatenby2i@census.gov,Female,216.231.216.91
92,Karlie,Glede,kglede2j@i2i.jp,Female,42.255.186.111
93,Mabel,Kempster,mkempster2k@meetup.com,Female,35.20.115.127
94,Tammara,Chateau,tchateau2l@google.com,Female,1.246.213.163
95,Wiatt,Messiter,wmessiter2m@ifeng.com,Male,61.83.238.175
96,Annalee,Kirstein,akirstein2n@w3.org,Female,32.214.37.40
97,Cornela,Rockcliffe,crockcliffe2o@un.org,Female,236.254.52.233
98,Stirling,Heino,sheino2p@yandex.ru,Agender,21.90.181.33
99,Bernadene,Veldens,bveldens2q@mashable.com,Female,97.196.109.43
100,Albie,Sommerton,asommerton2r@infoseek.co.jp,Male,213.129.151.46
101,Andie,Atkin,aatkin2s@squarespace.com,Female,146.188.159.68
102,Chantal,Mandry,cmandry2t@freewebs.com,Female,70.156.16.74
103,Ralina,Crowder,rcrowder2u@marketwatch.com,Female,185.250.170.9
104,Cal,Clemencet,cclemencet2v@a8.net,Agender,29.227.222.240
105,Joel,McKitterick,jmckitterick2w@marketwatch.com,Male,115.215.47.149
106,Geneva,Semiras,gsemiras2x@un.org,Female,60.131.123.236
107,Alli,Castane,acastane2y@storify.com,Female,150.198.4.203
108,Lammond,Tamburi,ltamburi2z@nydailynews.com,Male,145.207.4.199
109,Elena,Dagless,edagless30@nps.gov,Female,153.37.43.182
110,Dominic,Remington,dremington31@chicagotribune.com,Male,73.63.143.201
111,Muriel,Wyllie,mwyllie32@livejournal.com,Bigender,207.46.153.247
112,Urban,Moukes,umoukes33@howstuffworks.com,Male,13.214.177.212
113,Patrick,Wellman,pwellman34@goo.gl,Male,2.144.191.147
114,Robinet,Arne,rarne35@gnu.org,Female,8.223.80.178
115,Benyamin,Angeau,bangeau36@loc.gov,Male,225.81.29.51
116,Clementina,Severn,csevern37@oakley.com,Non-binary,107.110.158.166
117,Van,Leeb,vleeb38@hao123.com,Polygender,143.133.17.60
118,Humfrey,Dovermann,hdovermann39@tmall.com,Male,199.95.72.238
119,Burk,Issett,bissett3a@wikispaces.com,Male,156.132.188.96
120,Vida,Weatherby,vweatherby3b@noaa.gov,Female,168.177.139.172
121,Rodger,Bowstead,rbowstead3c@prnewswire.com,Male,161.222.58.194
122,Hallsy,Kuhnert,hkuhnert3d@nasa.gov,Male,96.180.63.109
123,Dina,Strasse,dstrasse3e@tmall.com,Female,115.210.67.106
124,Fianna,Pauleit,fpauleit3f@census.gov,Female,235.35.155.31
125,Jaine,Canacott,jcanacott3g@gmpg.org,Female,131.108.93.150
126,Stormie,Schoales,sschoales3h@blogspot.com,Female,149.239.116.140
127,Gregoor,O'Deoran,godeoran3i@economist.com,Male,189.228.76.90
128,Ilse,Stollenberg,istollenberg3j@spotify.com,Female,136.133.218.105
129,Lorena,Knaggs,lknaggs3k@webs.com,Female,120.38.20.72
130,Ardra,Huntley,ahuntley3l@ebay.co.uk,Female,93.47.65.52
131,Wilden,Barthel,wbarthel3m@umich.edu,Male,141.58.99.224
132,Darci,Beernaert,dbeernaert3n@usgs.gov,Female,177.245.210.53
133,Ximenez,Achromov,xachromov3o@1und1.de,Male,193.241.250.67
134,Jessalyn,Olek,jolek3p@army.mil,Female,99.9.107.255
135,Avis,Veracruysse,averacruysse3q@clickbank.net,Female,136.71.34.13
136,Brett,Mussolini,bmussolini3r@jimdo.com,Genderfluid,96.61.254.174
137,Wilona,Schneider,wschneider3s@quantcast.com,Female,27.25.7.140
138,Henrietta,Allibone,hallibone3t@wp.com,Female,3.46.255.224
139,Casandra,Bilbrey,cbilbrey3u@mayoclinic.com,Female,53.239.206.52
140,Corabelle,Dalli,cdalli3v@berkeley.edu,Female,111.224.241.81
141,Stanford,Furst,sfurst3w@nature.com,Male,99.244.200.12
142,Katerina,Scotchbrook,kscotchbrook3x@google.com.br,Polygender,231.70.46.191
143,Fleur,Catonne,fcatonne3y@meetup.com,Bigender,241.106.35.57
144,Jeannette,Hacksby,jhacksby3z@netvibes.com,Female,46.157.122.188
145,Marcel,Eger,meger40@discuz.net,Male,78.40.85.216
146,Madison,Cordrey,mcordrey41@google.com.au,Male,6.202.190.21
147,Bogey,Bernholt,bbernholt42@de.vu,Male,222.24.17.46
148,Morris,McCallam,mmccallam43@weebly.com,Male,145.6.138.209
149,Stephi,Caudelier,scaudelier44@trellian.com,Female,116.41.247.88
150,Johnna,Goricke,jgoricke45@time.com,Female,143.100.76.119
151,Marianne,Ellen,mellen46@gov.uk,Female,90.136.59.168
152,Samuel,Wynter,swynter47@sciencedaily.com,Male,2.222.190.196
153,Ivor,Fishe,ifishe48@ca.gov,Male,166.68.130.124
154,Averil,Janout,ajanout49@tamu.edu,Female,0.64.192.51
155,Conn,Buxcey,cbuxcey4a@csmonitor.com,Male,121.191.115.139
156,Clair,Blunn,cblunn4b@163.com,Male,89.185.3.183
157,Quintin,Rijkeseis,qrijkeseis4c@jugem.jp,Male,23.25.32.85
158,Sherlock,Morston,smorston4d@geocities.jp,Male,3.144.70.40
159,Clayson,Bennet,cbennet4e@bbb.org,Male,223.86.88.30
160,Brigida,Bendelow,bbendelow4f@jalbum.net,Female,103.108.93.137
161,Christy,Mateos,cmateos4g@so-net.ne.jp,Female,1.241.29.219
162,Mendie,Shaylor,mshaylor4h@prnewswire.com,Male,30.206.98.87
163,Fidelio,Coning,fconing4i@wp.com,Male,32.218.116.145
164,Pippy,Cobbin,pcobbin4j@histats.com,Female,110.175.46.247
165,Karlene,Mor,kmor4k@rakuten.co.jp,Female,241.3.57.23
166,Abigail,Currie,acurrie4l@tamu.edu,Female,1.117.117.215
167,Jordan,Arrington,jarrington4m@intel.com,Female,160.229.249.61
168,Camile,Battelle,cbattelle4n@apple.com,Female,55.150.117.151
169,Charles,Vaissiere,cvaissiere4o@desdev.cn,Male,140.22.96.138
170,Georgie,Flippen,gflippen4p@cargocollective.com,Male,88.227.71.165
171,Ally,Taffurelli,ataffurelli4q@bbb.org,Female,137.138.250.146
172,Wilek,Persitt,wpersitt4r@1688.com,Male,132.64.154.54
173,Kelvin,Nannini,knannini4s@gizmodo.com,Male,61.131.100.132
174,Fedora,Stoeck,fstoeck4t@unicef.org,Female,183.71.202.118
175,Esdras,Colicot,ecolicot4u@usa.gov,Male,226.59.95.181
176,Willdon,Aggas,waggas4v@jalbum.net,Male,21.249.27.83
177,Mara,Littlejohns,mlittlejohns4w@chronoengine.com,Female,151.243.131.161
178,Melamie,D'Costa,mdcosta4x@xinhuanet.com,Female,114.157.224.63
179,Josi,Saura,jsaura4y@wikipedia.org,Female,146.35.176.168
180,Harlene,Steinhammer,hsteinhammer4z@hatena.ne.jp,Female,122.240.191.254
181,Viviana,Trood,vtrood50@dailymotion.com,Female,42.245.252.127
182,Elnore,Kynoch,ekynoch51@printfriendly.com,Female,245.103.101.136
183,Crista,Prendeguest,cprendeguest52@nps.gov,Female,145.70.5.145
184,Ilse,Paydon,ipaydon53@geocities.com,Female,160.219.116.233
185,Edgard,Trowsdall,etrowsdall54@theglobeandmail.com,Male,222.175.74.117
186,Osgood,Caddens,ocaddens55@youtube.com,Male,63.145.217.18
187,Celinda,Skule,cskule56@cnn.com,Female,74.157.168.62
188,Linc,Simenot,lsimenot57@hibu.com,Male,201.138.26.52
189,Marven,Gerger,mgerger58@360.cn,Male,5.146.53.206
190,Harlie,Casseldine,hcasseldine59@google.it,Female,75.185.244.64
191,Jeth,Akett,jakett5a@blogger.com,Male,143.25.237.111
192,Nestor,Scamadine,nscamadine5b@europa.eu,Male,169.72.65.87
193,Christabella,Guilloton,cguilloton5c@tamu.edu,Female,95.176.216.116
194,Leone,Last,llast5d@umn.edu,Female,223.33.186.37
195,Gipsy,O'Keaveny,gokeaveny5e@phpbb.com,Bigender,93.147.45.137
196,Rasla,Corn,rcorn5f@ucsd.edu,Female,237.22.1.90
197,Tommie,Farfalameev,tfarfalameev5g@t.co,Male,107.128.16.252
198,Bastien,Gilphillan,bgilphillan5h@miitbeian.gov.cn,Male,236.70.186.106
199,Artemus,Kitching,akitching5i@google.com.hk,Male,10.74.55.106
200,Lishe,Platt,lplatt5j@dailymail.co.uk,Female,182.71.165.212
201,Salem,Luesley,sluesley5k@about.com,Male,131.163.87.197
202,Israel,Occleshaw,ioccleshaw5l@microsoft.com,Agender,0.227.106.142
203,Mordy,Stockoe,mstockoe5m@simplemachines.org,Male,60.0.64.155
204,Geoffry,Stracey,gstracey5n@wordpress.com,Male,195.246.92.224
205,Murry,Richards,mrichards5o@wikispaces.com,Male,48.136.92.34
206,Morganne,Ivashov,mivashov5p@php.net,Non-binary,253.210.120.22
207,Devy,Berlin,dberlin5q@devhub.com,Male,210.37.114.104
208,Kerwin,Lieber,klieber5r@baidu.com,Male,138.159.98.50
209,Jon,Kidder,jkidder5s@dailymotion.com,Male,131.6.210.54
210,Yoshiko,Nuemann,ynuemann5t@prnewswire.com,Female,215.24.82.39
211,Armstrong,Carette,acarette5u@friendfeed.com,Male,84.151.172.248
212,Correy,Gowrie,cgowrie5v@slideshare.net,Female,184.39.235.95
213,Brittney,De Freyne,bdefreyne5w@foxnews.com,Female,155.106.159.210
214,Way,Sandells,wsandells5x@sciencedaily.com,Male,222.58.227.212
215,Cybill,Banville,cbanville5y@pagesperso-orange.fr,Female,6.205.74.16
216,Meredeth,Leyborne,mleyborne5z@vk.com,Male,94.203.179.247
217,Stafani,Lodovichi,slodovichi60@woothemes.com,Female,5.78.57.23
218,Corina,Spilsburie,cspilsburie61@desdev.cn,Female,228.166.99.140
219,Dante,Cruess,dcruess62@techcrunch.com,Male,43.127.75.18
220,Case,Whalebelly,cwhalebelly63@wisc.edu,Male,117.57.49.31
221,Lainey,Soppett,lsoppett64@constantcontact.com,Female,146.187.40.160
222,Jorrie,Skeels,jskeels65@tinyurl.com,Female,227.78.207.172
223,Sinclare,Matyashev,smatyashev66@yelp.com,Male,237.154.124.226
224,Benoite,Duny,bduny67@virginia.edu,Female,187.7.199.178
225,Kent,Pilsworth,kpilsworth68@canalblog.com,Male,106.171.157.22
226,Fairfax,Iddenden,fiddenden69@newsvine.com,Male,73.60.237.141
227,Stacy,Cowperthwaite,scowperthwaite6a@delicious.com,Male,31.254.221.174
228,Shannon,Janak,sjanak6b@state.tx.us,Male,91.162.171.243
229,Bert,Jeffree,bjeffree6c@flickr.com,Female,28.206.34.240
230,Godart,Pine,gpine6d@github.io,Male,130.209.174.238
231,Flemming,Kingsley,fkingsley6e@prnewswire.com,Male,159.226.43.173
232,Welbie,Werndley,wwerndley6f@umich.edu,Male,189.241.66.59
233,Obed,Pirrie,opirrie6g@wiley.com,Male,158.167.37.191
234,Shawn,Wisdish,swisdish6h@woothemes.com,Female,151.113.233.67
235,Denver,Ortelt,dortelt6i@nyu.edu,Male,109.16.57.53
236,Madge,Vockings,mvockings6j@tumblr.com,Female,93.57.212.204
237,Selina,Gerold,sgerold6k@sourceforge.net,Female,174.141.177.196
238,Lem,Barthod,lbarthod6l@google.fr,Male,65.84.176.14
239,Claiborne,Burtonshaw,cburtonshaw6m@canalblog.com,Bigender,174.130.81.67
240,Thain,MacNeilly,tmacneilly6n@istockphoto.com,Male,251.195.241.223
241,Gerome,Lavigne,glavigne6o@ask.com,Male,24.129.157.232
242,Tally,MacFarlan,tmacfarlan6p@nyu.edu,Female,24.93.180.67
243,Fionna,Pyrah,fpyrah6q@acquirethisname.com,Female,97.78.68.75
244,Shellie,McKea,smckea6r@t.co,Female,225.96.81.91
245,Parsifal,Vanyarkin,pvanyarkin6s@gov.uk,Genderqueer,120.106.130.173
246,Chloris,O'Kelly,cokelly6t@imageshack.us,Female,144.0.186.129
247,Farr,Martinello,fmartinello6u@canalblog.com,Agender,119.9.24.19
248,Letta,Marco,lmarco6v@jugem.jp,Female,107.130.47.182
249,Rochester,Devas,rdevas6w@arstechnica.com,Male,13.210.188.19
250,Way,Puleston,wpuleston6x@cocolog-nifty.com,Male,82.28.121.167
251,Rubina,McClean,rmcclean6y@squidoo.com,Female,157.83.61.203
252,Cari,Portis,cportis6z@51.la,Female,88.19.171.229
253,Shane,Dietsche,sdietsche70@dailymotion.com,Male,252.139.168.182
254,Clarice,Andriveau,candriveau71@wufoo.com,Female,145.60.203.138
255,Anatollo,Habbal,ahabbal72@infoseek.co.jp,Male,194.197.174.162
256,Ursala,Dmitriev,udmitriev73@discovery.com,Female,93.65.168.214
257,Davide,Altoft,daltoft74@t-online.de,Male,119.243.115.136
258,Ruthe,Tremaine,rtremaine75@tiny.cc,Female,218.91.226.148
259,Allie,Arney,aarney76@nymag.com,Male,82.199.131.148
260,Giusto,Nardrup,gnardrup77@mayoclinic.com,Male,101.211.153.238
261,Brennan,Deegin,bdeegin78@nih.gov,Male,227.110.175.226
262,Averell,Lorden,alorden79@mysql.com,Male,157.227.152.87
263,Emmerich,Heeran,eheeran7a@home.pl,Male,247.220.60.155
264,Orlan,Tropman,otropman7b@spotify.com,Male,199.116.139.162
265,Pincas,Walasik,pwalasik7c@about.me,Bigender,51.190.146.174
266,Breanne,Frederick,bfrederick7d@wikispaces.com,Female,246.72.77.123
267,Addi,McCritchie,amccritchie7e@china.com.cn,Female,228.144.9.52
268,Borg,Aronow,baronow7f@weebly.com,Male,207.64.15.211
269,Daniel,Brobak,dbrobak7g@cpanel.net,Male,19.148.186.148
270,Rriocard,Westgate,rwestgate7h@issuu.com,Genderqueer,131.202.176.33
271,Eddy,Zanetti,ezanetti7i@4shared.com,Male,218.63.88.222
272,Mufi,Brodeur,mbrodeur7j@yahoo.co.jp,Female,116.1.136.4
273,Nat,Prewett,nprewett7k@123-reg.co.uk,Male,10.51.29.109
274,Ernestus,Bearman,ebearman7l@imageshack.us,Male,236.104.50.254
275,Audry,Robertsson,arobertsson7m@rambler.ru,Female,9.207.225.40
276,Anthea,Maffioni,amaffioni7n@accuweather.com,Female,62.181.65.95
277,Josepha,Blanc,jblanc7o@cnet.com,Female,25.213.200.161
278,Babita,Giddons,bgiddons7p@hatena.ne.jp,Polygender,33.26.184.94
279,Karlis,Sidgwick,ksidgwick7q@chron.com,Male,5.52.18.188
280,Channa,Moncrefe,cmoncrefe7r@forbes.com,Female,136.118.238.180
281,Dante,Jzak,djzak7s@spiegel.de,Male,20.124.221.82
282,Gustavo,Greave,ggreave7t@phpbb.com,Male,105.116.131.211
283,Renell,Fordy,rfordy7u@goo.gl,Female,7.150.155.16
284,Diahann,Wealleans,dwealleans7v@purevolume.com,Female,221.177.253.71
285,Guss,Cadlock,gcadlock7w@reference.com,Agender,42.190.238.122
286,Charmian,Maro,cmaro7x@sfgate.com,Female,39.64.119.7
287,Hernando,Cerro,hcerro7y@yahoo.co.jp,Male,154.98.121.78
288,Marleah,Oslar,moslar7z@ucsd.edu,Female,236.33.30.38
289,Alvy,Woodington,awoodington80@slideshare.net,Male,176.199.144.248
290,Averil,McBrearty,amcbrearty81@uiuc.edu,Female,23.195.56.50
291,Ganny,Shepley,gshepley82@facebook.com,Male,237.254.20.248
292,Almeda,Fountain,afountain83@jigsy.com,Female,12.81.10.11
293,Stefano,Harvatt,sharvatt84@cbc.ca,Male,176.157.133.237
294,Shandee,Pretsell,spretsell85@netlog.com,Female,126.143.118.161
295,Cyb,Miles,cmiles86@studiopress.com,Female,43.211.167.69
296,Jerald,Rossbrooke,jrossbrooke87@plala.or.jp,Male,253.209.91.181
297,Jamison,Henden,jhenden88@salon.com,Male,222.202.160.148
298,Travers,Hindes,thindes89@bloglines.com,Agender,190.23.126.26
299,Arley,Kulas,akulas8a@yandex.ru,Male,112.131.16.53
300,Matti,Labusquiere,mlabusquiere8b@mapquest.com,Female,7.81.27.195
301,Kiley,Dobrowolny,kdobrowolny8c@baidu.com,Male,204.170.210.143
302,Rooney,Dawbery,rdawbery8d@slate.com,Male,13.107.220.42
303,Ethel,Preene,epreene8e@usnews.com,Female,48.56.90.98
304,Leonid,Valentinuzzi,lvalentinuzzi8f@drupal.org,Male,195.49.120.165
305,Nathan,Breslin,nbreslin8g@irs.gov,Male,35.115.124.16
306,Kelsey,Janikowski,kjanikowski8h@vimeo.com,Male,80.69.148.70
307,Daveta,Newark,dnewark8i@pcworld.com,Female,232.22.156.184
308,Inesita,Weippert,iweippert8j@usgs.gov,Female,204.67.255.50
309,Mateo,Pierrepont,mpierrepont8k@reuters.com,Male,61.155.101.143
310,Rodger,Sargison,rsargison8l@marriott.com,Male,46.203.37.98
311,Livia,Fellon,lfellon8m@oaic.gov.au,Female,12.23.84.213
312,Adler,Cockett,acockett8n@phoca.cz,Male,10.1.57.150
313,Eugenia,Oggers,eoggers8o@loc.gov,Female,153.173.86.116
314,Neill,Clunie,nclunie8p@accuweather.com,Male,33.56.66.104
315,Abel,Bewicke,abewicke8q@sun.com,Male,110.90.83.96
316,Mavra,Adami,madami8r@cnbc.com,Female,173.207.37.202
317,Priscella,Hould,phould8s@cafepress.com,Polygender,169.135.81.231
318,Stafani,Greest,sgreest8t@multiply.com,Female,234.119.245.146
319,Chrissie,Flewett,cflewett8u@imgur.com,Female,55.52.2.184
320,Iain,Tirrell,itirrell8v@scientificamerican.com,Male,172.136.218.219
321,Ora,Paolucci,opaolucci8w@gizmodo.com,Female,70.50.112.136
322,Bjorn,Southerden,bsoutherden8x@studiopress.com,Male,247.58.56.41
323,Delbert,Hannant,dhannant8y@princeton.edu,Agender,233.141.54.29
324,Etty,Libermore,elibermore8z@businessinsider.com,Female,235.1.134.247
325,Constancy,Lambeth,clambeth90@zimbio.com,Female,69.219.66.239
326,Lorens,Warrell,lwarrell91@cornell.edu,Male,60.57.53.159
327,Brook,Roubeix,broubeix92@loc.gov,Female,6.97.32.30
328,Jermain,Keward,jkeward93@goo.ne.jp,Male,162.153.6.227
329,Jud,Searsby,jsearsby94@yelp.com,Male,253.124.32.233
330,Augie,Warren,awarren95@tuttocitta.it,Male,213.130.61.55
331,Cathie,Grigg,cgrigg96@accuweather.com,Female,61.213.212.227
332,Giacobo,Giddens,ggiddens97@dion.ne.jp,Male,147.12.9.175
333,Mohandas,Rein,mrein98@51.la,Male,28.242.205.205
334,Wilmer,Buff,wbuff99@mozilla.com,Male,224.142.95.174
335,Cymbre,Caesar,ccaesar9a@pbs.org,Female,243.240.232.9
336,Puff,Howe,phowe9b@linkedin.com,Male,127.154.104.70
337,Meggi,Lundbech,mlundbech9c@nydailynews.com,Female,30.112.217.7
338,Raddy,Brittian,rbrittian9d@blogs.com,Male,191.47.82.12
339,Abraham,Marland,amarland9e@t-online.de,Male,192.65.98.73
340,Lorianna,Wisham,lwisham9f@slate.com,Female,188.235.53.117
341,Kaitlin,Formigli,kformigli9g@pbs.org,Female,227.163.206.240
342,Essa,Jermy,ejermy9h@devhub.com,Female,45.143.250.146
343,Pasquale,Shears,pshears9i@elpais.com,Male,150.80.230.33
344,Jacynth,Carle,jcarle9j@netscape.com,Female,182.44.68.172
345,Leonhard,Pietrzyk,lpietrzyk9k@printfriendly.com,Male,253.244.111.135
346,Leonelle,Drawmer,ldrawmer9l@bloglovin.com,Female,54.18.126.182
347,Laurette,Carleton,lcarleton9m@domainmarket.com,Female,217.170.149.209
348,Pierette,Sutliff,psutliff9n@amazon.com,Female,117.62.38.94
349,Mellie,Matusov,mmatusov9o@pen.io,Female,222.40.140.122
350,Sunshine,Skitteral,sskitteral9p@businessweek.com,Female,130.41.211.78
351,Kristos,Gartsyde,kgartsyde9q@twitpic.com,Male,183.60.179.1
352,Marv,Jovis,mjovis9r@canalblog.com,Male,118.234.237.202
353,Mareah,Maevela,mmaevela9s@trellian.com,Female,33.222.138.12
354,Nancie,Danick,ndanick9t@xinhuanet.com,Female,180.226.191.223
355,Edithe,Caillou,ecaillou9u@soup.io,Female,13.65.224.29
356,Abrahan,Skellorne,askellorne9v@discovery.com,Male,254.141.182.240
357,Rowena,Geering,rgeering9w@sina.com.cn,Female,147.127.37.62
358,Ronnica,Beaumont,rbeaumont9x@themeforest.net,Female,211.250.194.91
359,Benito,Scotchbrook,bscotchbrook9y@mayoclinic.com,Male,116.230.30.184
360,Almeta,Frankton,afrankton9z@ucla.edu,Female,157.65.142.32
361,Doria,Hogsden,dhogsdena0@sfgate.com,Female,106.5.206.222
362,Darcy,Godbold,dgodbolda1@is.gd,Male,4.117.193.81
363,Simonette,Kewley,skewleya2@vk.com,Female,220.141.47.101
364,Fay,Chmiel,fchmiela3@soundcloud.com,Female,185.34.150.218
365,Joana,MacConnell,jmacconnella4@earthlink.net,Female,184.104.96.210
366,Donielle,Crosetti,dcrosettia5@nih.gov,Genderqueer,79.198.31.15
367,Normand,Morrison,nmorrisona6@who.int,Male,106.52.222.206
368,Kissiah,Loding,klodinga7@dagondesign.com,Female,49.113.102.33
369,Bartolemo,Denman,bdenmana8@cbsnews.com,Male,126.45.40.224
370,Bernette,Corradi,bcorradia9@utexas.edu,Female,243.132.29.88
371,Effie,Dewberry,edewberryaa@boston.com,Female,97.182.6.114
372,Yolanda,Duncan,yduncanab@chron.com,Female,59.223.195.137
373,Dexter,Fairn,dfairnac@engadget.com,Male,177.238.28.205
374,Lorettalorna,Brotherhood,lbrotherhoodad@newyorker.com,Female,223.248.38.233
375,Hurleigh,Guwer,hguwerae@wisc.edu,Male,40.101.124.192
376,Theodore,Higford,thigfordaf@ted.com,Genderqueer,57.235.181.8
377,Sancho,D'Avaux,sdavauxag@samsung.com,Genderqueer,180.111.106.62
378,Xylia,Assinder,xassinderah@wikia.com,Female,57.168.56.86
379,Bing,Nisbet,bnisbetai@lycos.com,Male,33.20.212.56
380,Filmer,Montilla,fmontillaaj@paginegialle.it,Male,168.54.200.123
381,Stanly,Bramwell,sbramwellak@jiathis.com,Male,136.123.243.218
382,Warde,Brookes,wbrookesal@deliciousdays.com,Male,33.163.189.7
383,Susan,Cressar,scressaram@foxnews.com,Female,232.40.34.2
384,Lock,Acarson,lacarsonan@t.co,Male,65.208.16.234
385,Ebonee,Kleinhandler,ekleinhandlerao@1688.com,Female,156.104.25.107
386,Bradney,Dana,bdanaap@timesonline.co.uk,Male,142.217.115.1
387,Elnar,Gerson,egersonaq@earthlink.net,Male,251.245.113.192
388,Kym,Stitle,kstitlear@cnn.com,Female,142.182.38.147
389,Gabby,Marqyes,gmarqyesas@usatoday.com,Male,224.117.178.110
390,Tiff,Arnault,tarnaultat@godaddy.com,Female,117.154.109.132
391,Thomasa,Corker,tcorkerau@columbia.edu,Female,3.180.124.167
392,Delano,Henri,dhenriav@wisc.edu,Male,121.73.234.39
393,Evie,Mitchard,emitchardaw@examiner.com,Female,235.245.161.152
394,Dukey,Brash,dbrashax@mlb.com,Male,15.107.225.130
395,Karia,Quan,kquanay@washingtonpost.com,Female,114.53.151.113
396,Audrye,Petkens,apetkensaz@spotify.com,Female,39.241.86.136
397,Fanny,Melbourn,fmelbournb0@youtu.be,Female,76.122.10.100
398,Bradford,Vokes,bvokesb1@hp.com,Male,74.7.237.119
399,Eugene,Goreisr,egoreisrb2@slashdot.org,Male,107.217.175.139
400,Claudie,Carrington,ccarringtonb3@java.com,Female,31.51.192.51
401,Mateo,Catterick,mcatterickb4@tripadvisor.com,Male,55.54.136.248
402,Olvan,Dodge,ododgeb5@phoca.cz,Male,205.167.32.13
403,Kippie,Taveriner,ktaverinerb6@google.it,Male,209.171.97.122
404,Bennie,Sweetland,bsweetlandb7@bizjournals.com,Female,88.19.188.128
405,Brandy,Hark,bharkb8@ustream.tv,Male,212.141.165.182
406,Roger,Pervoe,rpervoeb9@behance.net,Male,252.136.96.99
407,James,Zannotti,jzannottiba@cmu.edu,Male,192.17.209.199
408,Traver,Colquyte,tcolquytebb@wix.com,Male,56.31.235.134
409,Elisha,Sapena,esapenabc@telegraph.co.uk,Female,143.18.227.205
410,Lara,Nutkin,lnutkinbd@techcrunch.com,Female,195.200.165.76
411,Scott,Frentz,sfrentzbe@dyndns.org,Male,192.247.88.106
412,Levey,Whetton,lwhettonbf@technorati.com,Male,144.27.107.80
413,Rosie,Sheaf,rsheafbg@cmu.edu,Bigender,6.70.7.27
414,Marlow,Oda,modabh@unc.edu,Male,67.115.92.144
415,Kirbie,Kiddell,kkiddellbi@amazon.de,Female,154.35.100.234
416,Nina,Laverack,nlaverackbj@berkeley.edu,Female,180.27.140.61
417,Artemis,Germaine,agermainebk@constantcontact.com,Male,190.144.173.75
418,Regan,Greer,rgreerbl@pcworld.com,Female,15.22.228.84
419,Sheff,Martinets,smartinetsbm@ucsd.edu,Male,187.183.83.235
420,Whit,McSherry,wmcsherrybn@netvibes.com,Male,100.116.16.124
421,Cindelyn,Olensby,colensbybo@eventbrite.com,Female,150.35.50.99
422,Harli,McGuiness,hmcguinessbp@paginegialle.it,Female,97.96.33.15
423,Novelia,Davidge,ndavidgebq@virginia.edu,Female,8.220.40.133
424,Naoma,Dashwood,ndashwoodbr@chronoengine.com,Female,118.114.145.161
425,Shaine,Nowill,snowillbs@1688.com,Male,132.39.181.44
426,Lorilyn,Flaverty,lflavertybt@friendfeed.com,Female,82.210.0.117
427,Thibaut,Thomel,tthomelbu@nature.com,Male,193.42.109.79
428,Nickolas,Tatlowe,ntatlowebv@4shared.com,Male,67.162.15.81
429,Basilius,Wrate,bwratebw@hud.gov,Male,19.95.228.75
430,Paule,Slorance,pslorancebx@scientificamerican.com,Female,127.237.1.223
431,Ariel,Sibthorpe,asibthorpeby@cpanel.net,Female,84.214.58.111
432,Lem,Macconachy,lmacconachybz@va.gov,Male,255.228.98.179
433,Hedvig,Burel,hburelc0@springer.com,Female,185.173.12.113
434,Nesta,Krauze,nkrauzec1@usnews.com,Female,197.35.89.140
435,Winthrop,Binning,wbinningc2@salon.com,Male,168.74.135.220
436,Ricoriki,Alvarado,ralvaradoc3@theglobeandmail.com,Male,130.125.34.163
437,Fernande,Meach,fmeachc4@eepurl.com,Female,33.142.117.13
438,Violet,Abeau,vabeauc5@fc2.com,Polygender,21.206.7.169
439,Sherye,Lillicrop,slillicropc6@shareasale.com,Female,165.135.66.57
440,Gratia,Nunnerley,gnunnerleyc7@google.com.au,Female,48.246.128.85
441,Laurianne,Meddows,lmeddowsc8@princeton.edu,Female,82.169.169.6
442,Judy,Rowlstone,jrowlstonec9@gmpg.org,Female,182.238.6.109
443,Kristoffer,Toun,ktounca@nytimes.com,Male,189.36.193.121
444,Bernita,Chaston,bchastoncb@elegantthemes.com,Female,192.93.53.18
445,Thorsten,Klimas,tklimascc@tripadvisor.com,Male,249.29.154.29
446,Aron,Winson,awinsoncd@nih.gov,Male,12.199.245.184
447,Aloysius,Downham,adownhamce@examiner.com,Male,37.104.88.138
448,Jory,Peye,jpeyecf@chronoengine.com,Male,19.232.134.114
449,Abdul,Cobain,acobaincg@rakuten.co.jp,Male,94.89.148.103
450,Manuel,Bruhnsen,mbruhnsench@newyorker.com,Male,12.141.3.252
451,Pia,Balloch,pballochci@time.com,Female,135.9.1.215
452,Wynne,Crossan,wcrossancj@home.pl,Female,207.20.101.251
453,Ara,Heeps,aheepsck@uiuc.edu,Male,3.163.21.234
454,Farica,Comport,fcomportcl@usda.gov,Female,43.58.34.233
455,Gaven,Bigglestone,gbigglestonecm@dagondesign.com,Male,25.79.81.37
456,Aldous,Goshawke,agoshawkecn@mit.edu,Male,83.224.174.72
457,Ludvig,Abells,labellsco@g.co,Male,118.24.158.68
458,Tracy,Glenwright,tglenwrightcp@wiley.com,Female,132.55.244.48
459,Portie,Sego,psegocq@columbia.edu,Male,131.181.153.245
460,Kenneth,Hovenden,khovendencr@smugmug.com,Male,102.62.36.42
461,Kristi,Colten,kcoltencs@miibeian.gov.cn,Female,124.19.102.120
462,Maurine,Lindborg,mlindborgct@google.es,Female,110.224.122.50
463,Clerc,Mityashin,cmityashincu@topsy.com,Male,131.61.90.195
464,Robby,Hobben,rhobbencv@ox.ac.uk,Male,103.83.47.60
465,Denis,Strowan,dstrowancw@businessweek.com,Male,212.51.44.70
466,Kit,Murgatroyd,kmurgatroydcx@sphinn.com,Female,9.21.237.202
467,Francesco,Ellwell,fellwellcy@nytimes.com,Male,228.78.22.142
468,Mikol,Crimin,mcrimincz@phoca.cz,Male,176.108.44.199
469,Conrad,Edmead,cedmeadd0@eepurl.com,Male,194.235.145.102
470,Umeko,Thumann,uthumannd1@marketwatch.com,Genderfluid,133.29.106.164
471,Cecilius,Iorns,ciornsd2@umich.edu,Male,92.226.60.98
472,Roz,Crew,rcrewd3@fda.gov,Female,64.191.141.10
473,Fredrick,Tewkesberrie,ftewkesberried4@vk.com,Male,62.182.133.223
474,Juliana,Cripps,jcrippsd5@vkontakte.ru,Female,232.237.245.64
475,Corrie,Cockett,ccockettd6@cornell.edu,Male,250.81.22.207
476,Benedikta,Warrener,bwarrenerd7@cisco.com,Female,41.250.28.81
477,Vernor,Shimon,vshimond8@mac.com,Male,110.150.160.166
478,Eunice,Stribbling,estribblingd9@sun.com,Female,165.80.189.216
479,Ronny,Ferreira,rferreirada@elpais.com,Male,2.102.254.98
480,Arvin,Cubley,acubleydb@telegraph.co.uk,Male,163.107.124.50
481,Dal,Jervis,djervisdc@behance.net,Polygender,115.176.77.213
482,Solomon,Johnston,sjohnstondd@angelfire.com,Male,173.241.244.200
483,Paxon,Connock,pconnockde@google.de,Male,36.240.182.153
484,Tallou,Mannock,tmannockdf@tamu.edu,Female,138.57.25.75
485,Porty,Pantecost,ppantecostdg@paginegialle.it,Male,196.113.180.61
486,Jacki,MacPaik,jmacpaikdh@themeforest.net,Female,228.182.231.60
487,Alec,Lodin,alodindi@addthis.com,Male,14.198.216.109
488,Andreas,Meineken,ameinekendj@wisc.edu,Male,180.234.205.168
489,Marchelle,Benterman,mbentermandk@va.gov,Female,17.38.225.106
490,Con,Chazier,cchazierdl@pinterest.com,Male,241.59.156.207
491,Jorgan,Massei,jmasseidm@furl.net,Male,99.225.13.230
492,Gerome,Arnley,garnleydn@state.tx.us,Male,109.180.6.97
493,Harwilll,Billion,hbilliondo@moonfruit.com,Male,182.114.29.167
494,Pierrette,Croy,pcroydp@nsw.gov.au,Female,88.36.231.112
495,Mendy,Gymblett,mgymblettdq@gravatar.com,Male,167.144.92.32
496,Stinky,Gebhardt,sgebhardtdr@ucoz.ru,Male,217.142.128.218
497,Flinn,Scanderet,fscanderetds@exblog.jp,Polygender,60.239.231.94
498,Gaye,Mustill,gmustilldt@yellowpages.com,Polygender,230.96.213.89
499,Kliment,Seys,kseysdu@kickstarter.com,Male,2.252.235.68
500,Sebastiano,Junkin,sjunkindv@acquirethisname.com,Male,184.36.115.239
501,Stacy,Ferreo,sferreodw@jigsy.com,Female,187.144.125.171
502,Margaux,Batha,mbathadx@miibeian.gov.cn,Female,212.101.4.115
503,Annamarie,Crufts,acruftsdy@about.me,Female,111.27.74.81
504,Laurence,Pigott,lpigottdz@chicagotribune.com,Male,115.41.252.9
505,Linus,Chopy,lchopye0@feedburner.com,Male,45.18.91.107
506,Jacky,Heddon,jheddone1@twitpic.com,Genderfluid,71.153.135.5
507,Shayna,Ruskin,sruskine2@whitehouse.gov,Female,51.116.77.148
508,Guillemette,Turfin,gturfine3@woothemes.com,Female,132.170.225.47
509,Ash,Duffett,aduffette4@google.de,Male,148.180.147.197
510,Lonnard,Neat,lneate5@fastcompany.com,Male,15.131.232.64
511,Henderson,McCray,hmccraye6@msn.com,Genderfluid,170.134.226.122
512,Vivian,Hitzmann,vhitzmanne7@joomla.org,Female,63.131.85.213
513,Richardo,Killiner,rkillinere8@ebay.co.uk,Male,198.41.203.243
514,Sileas,Rotherham,srotherhame9@cpanel.net,Female,145.9.113.224
515,Morie,Marzello,mmarzelloea@stumbleupon.com,Male,238.96.210.4
516,Pammi,Fritschmann,pfritschmanneb@examiner.com,Female,83.167.118.55
517,Salvador,McAndrew,smcandrewec@tuttocitta.it,Male,141.129.42.97
518,Cathyleen,Knapp,cknapped@bloglovin.com,Female,155.116.182.122
519,Filberte,Lanchbery,flanchberyee@walmart.com,Polygender,9.211.77.169
520,Agretha,Ponting,apontingef@ask.com,Female,222.91.154.83
521,Hana,Hubbert,hhubberteg@psu.edu,Female,115.243.191.90
522,Alexina,Canario,acanarioeh@digg.com,Female,170.87.91.196
523,Cassi,Ledson,cledsonei@globo.com,Female,35.239.24.91
524,Nellie,Vass,nvassej@github.com,Female,188.86.220.183
525,Mitzi,Parmby,mparmbyek@canalblog.com,Female,102.97.16.141
526,Mignon,Patis,mpatisel@upenn.edu,Female,188.9.152.236
527,Roxanna,Le Hucquet,rlehucquetem@umich.edu,Female,118.171.40.189
528,Kipp,Wrefford,kwrefforden@google.co.jp,Male,48.45.51.16
529,Mannie,Ilyin,milyineo@bizjournals.com,Male,225.99.82.233
530,Zed,Tyers,ztyersep@biglobe.ne.jp,Male,166.42.54.149
531,Vivie,Brentnall,vbrentnalleq@umich.edu,Female,129.153.172.231
532,Carri,Itscowicz,citscowiczer@comsenz.com,Female,203.3.253.108
533,Bobina,Kuhn,bkuhnes@uiuc.edu,Female,64.124.166.172
534,Killian,Rickardes,krickardeset@xrea.com,Male,163.99.195.234
535,Darcy,Rowan,drowaneu@scribd.com,Bigender,252.160.55.129
536,Saunders,Mainds,smaindsev@mediafire.com,Male,240.35.50.16
537,Elsey,Cowmeadow,ecowmeadowew@adobe.com,Female,32.224.6.249
538,Monika,Cosgry,mcosgryex@yellowpages.com,Female,114.135.117.85
539,Tristan,Rushmere,trushmereey@jigsy.com,Male,95.117.22.188
540,Richart,Dmitrienko,rdmitrienkoez@shareasale.com,Male,43.30.53.5
541,Vernen,Toffoletto,vtoffolettof0@gizmodo.com,Male,49.13.59.52
542,Eveleen,Robet,erobetf1@bing.com,Female,100.19.185.89
543,Nickolas,Partner,npartnerf2@pen.io,Male,91.23.36.132
544,Roz,Bradden,rbraddenf3@ox.ac.uk,Genderfluid,212.97.33.233
545,Royall,Studders,rstuddersf4@amazon.co.jp,Male,100.74.70.161
546,Blake,Mulchrone,bmulchronef5@pcworld.com,Male,167.120.96.220
547,Stu,O'Fogerty,sofogertyf6@plala.or.jp,Non-binary,186.208.128.246
548,Rodolphe,Blackborn,rblackbornf7@forbes.com,Agender,132.78.108.65
549,Ulrikaumeko,Knaggs,uknaggsf8@utexas.edu,Genderfluid,98.196.70.144
550,Chaddie,Waddingham,cwaddinghamf9@mit.edu,Male,29.203.206.87
551,Carmel,Widdecombe,cwiddecombefa@smugmug.com,Female,80.209.105.35
552,Meghann,O'Suaird,mosuairdfb@cafepress.com,Female,110.80.198.251
553,Lovell,Bernaciak,lbernaciakfc@ed.gov,Male,180.27.199.14
554,Mariann,Kastel,mkastelfd@sina.com.cn,Female,210.4.127.114
555,Katharina,Nendick,knendickfe@constantcontact.com,Female,105.20.151.151
556,Muffin,Sudy,msudyff@163.com,Female,5.18.118.255
557,Phaidra,Letterick,pletterickfg@multiply.com,Female,90.61.69.192
558,Esteban,Strangman,estrangmanfh@webnode.com,Bigender,178.85.104.87
559,Cynthy,Wythe,cwythefi@craigslist.org,Female,82.216.44.117
560,Dugald,Draycott,ddraycottfj@joomla.org,Male,68.134.54.143
561,Dario,Frankis,dfrankisfk@theglobeandmail.com,Male,179.140.136.181
562,Candi,Scathard,cscathardfl@geocities.jp,Female,176.168.63.49
563,Georas,Garrigan,ggarriganfm@posterous.com,Male,31.162.55.78
564,Konrad,Chsteney,kchsteneyfn@admin.ch,Male,234.19.233.241
565,Milissent,Spino,mspinofo@mozilla.org,Female,184.221.102.157
566,Otto,Labon,olabonfp@patch.com,Male,185.53.194.34
567,Haze,Webby,hwebbyfq@discovery.com,Male,55.187.2.105
568,Cyril,Steart,csteartfr@unc.edu,Genderqueer,6.124.8.202
569,Rockwell,Pigdon,rpigdonfs@skype.com,Male,134.163.55.1
570,Aluino,Ivimey,aivimeyft@ucsd.edu,Male,181.227.225.17
571,Roxanna,McAirt,rmcairtfu@reference.com,Female,170.219.195.208
572,Sean,MacAleese,smacaleesefv@moonfruit.com,Female,67.22.252.89
573,Avis,Brindle,abrindlefw@virginia.edu,Female,89.31.225.126
574,Stevy,Sowman,ssowmanfx@yale.edu,Genderqueer,17.4.10.156
575,Theresita,Domone,tdomonefy@dion.ne.jp,Agender,93.233.232.205
576,Brod,Moyle,bmoylefz@icio.us,Male,201.95.92.244
577,Sig,Aleshkov,saleshkovg0@miibeian.gov.cn,Male,120.176.88.52
578,Faydra,Lantiff,flantiffg1@clickbank.net,Female,191.82.115.145
579,Lucian,Druhan,ldruhang2@themeforest.net,Male,106.145.178.22
580,Alikee,Snelgrove,asnelgroveg3@psu.edu,Female,207.28.122.179
581,Alexander,Kaysor,akaysorg4@paypal.com,Male,190.59.96.8
582,Nara,Straine,nstraineg5@storify.com,Female,26.127.50.129
583,Gusty,Frank,gfrankg6@woothemes.com,Female,46.128.104.83
584,Marion,Vanin,mvaning7@soup.io,Male,155.78.203.242
585,Elwyn,Leftley,eleftleyg8@ocn.ne.jp,Male,91.232.247.29
586,Rosalyn,Summerson,rsummersong9@narod.ru,Female,203.220.229.4
587,Salomon,McGeouch,smcgeouchga@virginia.edu,Male,145.27.95.79
588,Damien,Eldon,deldongb@themeforest.net,Male,166.241.111.2
589,Wake,Roja,wrojagc@ucla.edu,Male,86.163.88.226
590,Ralf,Tipton,rtiptongd@earthlink.net,Male,61.141.24.166
591,Huntington,Hagyard,hhagyardge@dion.ne.jp,Male,129.69.42.210
592,Martelle,Hollingby,mhollingbygf@google.ru,Female,221.55.155.117
593,Chloris,Gallichan,cgallichangg@bbb.org,Female,175.31.144.153
594,Lavena,Nicklinson,lnicklinsongh@gmpg.org,Female,188.232.84.71
595,Natty,Ferraretto,nferrarettogi@wp.com,Male,191.107.42.201
596,Townsend,Pala,tpalagj@abc.net.au,Non-binary,197.168.247.102
597,Debby,Erat,deratgk@shareasale.com,Female,106.226.139.203
598,Donovan,Owbrick,dowbrickgl@sohu.com,Male,201.208.139.120
599,Karyl,Hedley,khedleygm@addtoany.com,Female,130.84.32.117
600,Ava,Newcom,anewcomgn@fotki.com,Female,218.126.162.123
601,Archibaldo,Paoletti,apaolettigo@youtube.com,Male,255.107.173.150
602,Sherwin,Dobbson,sdobbsongp@mlb.com,Male,224.70.121.25
603,Concordia,Kesby,ckesbygq@ucsd.edu,Agender,165.244.216.146
604,Dillon,Just,djustgr@amazonaws.com,Male,163.77.60.179
605,Ofelia,Collymore,ocollymoregs@sciencedaily.com,Female,106.157.111.73
606,Maurits,Emmott,memmottgt@zdnet.com,Male,66.232.149.104
607,Grenville,Haythornthwaite,ghaythornthwaitegu@loc.gov,Male,5.244.238.12
608,Cornelle,Orrow,corrowgv@github.io,Female,21.175.151.166
609,Darci,MacCaffery,dmaccafferygw@discuz.net,Female,63.240.178.151
610,Niki,Eriksson,nerikssongx@alibaba.com,Female,17.121.140.135
611,Robinette,Egdell,regdellgy@home.pl,Female,149.102.38.254
612,Godfrey,Innerstone,ginnerstonegz@engadget.com,Male,183.25.155.225
613,Byrom,Virgin,bvirginh0@usnews.com,Male,24.124.110.118
614,Emanuel,Domanek,edomanekh1@nyu.edu,Male,254.186.2.40
615,Salli,Blick,sblickh2@indiegogo.com,Female,105.119.96.117
616,Thomasa,Leech,tleechh3@purevolume.com,Female,34.42.152.214
617,Meridith,Teideman,mteidemanh4@hexun.com,Female,201.254.243.50
618,Christy,Perch,cperchh5@youtube.com,Male,244.27.156.208
619,Lancelot,Malyan,lmalyanh6@w3.org,Male,216.49.248.102
620,Loren,Augie,laugieh7@delicious.com,Male,140.95.73.116
621,Joby,Carvill,jcarvillh8@csmonitor.com,Female,102.52.199.150
622,Elmer,Wickling,ewicklingh9@wordpress.org,Male,68.205.7.28
623,Rodney,Hovington,rhovingtonha@about.me,Male,143.136.220.108
624,Jacquie,Jacmard,jjacmardhb@japanpost.jp,Female,138.41.134.45
625,Tessa,Edwicker,tedwickerhc@addthis.com,Female,9.128.156.9
626,Issie,Pantin,ipantinhd@multiply.com,Female,241.118.82.249
627,Cathrin,Eastbrook,ceastbrookhe@microsoft.com,Female,37.21.113.144
628,Bevvy,Piccop,bpiccophf@netlog.com,Female,194.67.6.28
629,Sandy,Cammock,scammockhg@instagram.com,Male,41.213.215.9
630,Kellina,Rouff,krouffhh@jigsy.com,Female,43.78.93.73
631,Abbie,Robbie,arobbiehi@slideshare.net,Female,220.252.108.181
632,Derrek,Burnup,dburnuphj@hostgator.com,Male,137.33.219.211
633,Sharon,Sparry,ssparryhk@sourceforge.net,Female,65.181.26.250
634,Willyt,Holhouse,wholhousehl@bizjournals.com,Female,241.167.123.181
635,Jethro,Clemmens,jclemmenshm@fotki.com,Male,95.117.149.224
636,Deanna,Stockhill,dstockhillhn@ebay.co.uk,Female,30.113.229.146
637,Berenice,Raund,braundho@newyorker.com,Female,119.197.0.197
638,Robby,Kalaher,rkalaherhp@newsvine.com,Male,35.73.117.114
639,Lorant,Babalola,lbabalolahq@furl.net,Male,109.107.226.132
640,Ravi,Beretta,rberettahr@eventbrite.com,Male,12.142.238.138
641,Drusy,Keay,dkeayhs@accuweather.com,Female,252.197.116.194
642,Patrica,Boards,pboardsht@boston.com,Female,0.226.104.144
643,Lindy,Licas,llicashu@youtube.com,Female,227.145.182.146
644,Denis,Caser,dcaserhv@cam.ac.uk,Male,141.5.185.206
645,Delaney,Cherrett,dcherretthw@freewebs.com,Male,205.50.57.115
646,Erinna,Carabet,ecarabethx@networksolutions.com,Female,74.224.164.161
647,Penrod,Reveley,preveleyhy@amazonaws.com,Male,187.117.219.41
648,Eddy,Gotcher,egotcherhz@gnu.org,Male,47.136.30.3
649,Davon,Dulson,ddulsoni0@deviantart.com,Male,10.123.252.35
650,Mollee,Abrahamsen,mabrahamseni1@seesaa.net,Female,215.12.183.176
651,Codee,Blum,cblumi2@yolasite.com,Bigender,29.239.244.102
652,Skylar,Ruusa,sruusai3@sourceforge.net,Male,32.209.241.247
653,Kalindi,Heinecke,kheineckei4@who.int,Female,33.62.40.192
654,Maribelle,Perkin,mperkini5@sfgate.com,Female,0.162.52.112
655,Misti,Shortall,mshortalli6@tinyurl.com,Polygender,27.211.28.186
656,Keefe,Scrinage,kscrinagei7@acquirethisname.com,Polygender,92.153.145.77
657,Karin,Brannan,kbrannani8@live.com,Female,17.113.158.8
658,Cale,Luesley,cluesleyi9@example.com,Agender,179.12.82.191
659,Reynolds,Humphery,rhumpheryia@icq.com,Male,177.18.4.229
660,Rowena,Dyas,rdyasib@telegraph.co.uk,Female,28.125.141.176
661,Zulema,Perring,zperringic@dedecms.com,Female,219.8.222.13
662,Bartlet,Kestell,bkestellid@stumbleupon.com,Male,139.17.226.129
663,Madelyn,Scholtz,mscholtzie@nytimes.com,Female,31.253.204.138
664,Hermina,Dury,hduryif@miibeian.gov.cn,Female,190.42.134.141
665,Noemi,Hadwen,nhadwenig@bing.com,Female,94.143.54.129
666,Lenna,Frude,lfrudeih@umich.edu,Female,6.221.109.172
667,Ximenes,Bartosinski,xbartosinskiii@eepurl.com,Bigender,87.223.210.131
668,Susannah,Gooders,sgoodersij@whitehouse.gov,Agender,107.151.124.161
669,Stephi,Redgate,sredgateik@clickbank.net,Bigender,67.82.199.91
670,Izzy,Charopen,icharopenil@trellian.com,Agender,5.113.59.141
671,Fionna,Prozescky,fprozesckyim@icio.us,Female,2.62.108.163
672,Jeremias,Blaker,jblakerin@ftc.gov,Male,97.218.212.203
673,Elvin,Kenway,ekenwayio@berkeley.edu,Male,29.7.123.123
674,Cort,April,caprilip@businesswire.com,Male,88.20.202.107
675,Tallia,Heinle,theinleiq@dmoz.org,Female,152.183.79.235
676,Rozella,Gooddy,rgooddyir@hostgator.com,Female,62.180.149.216
677,Auberta,Loache,aloacheis@whitehouse.gov,Female,168.69.90.205
678,Celisse,Rabb,crabbit@unblog.fr,Female,124.187.89.120
679,Ernaline,Iowarch,eiowarchiu@rediff.com,Female,198.231.68.82
680,Dorian,St. Ledger,dstledgeriv@soup.io,Male,113.163.70.231
681,Bobbette,Coalburn,bcoalburniw@archive.org,Female,200.132.246.101
682,Cal,Debenham,cdebenhamix@cocolog-nifty.com,Female,88.21.97.126
683,Benedetto,Iorns,biornsiy@stumbleupon.com,Male,214.14.209.196
684,Celinda,Benns,cbennsiz@histats.com,Female,138.129.174.85
685,Joshuah,Mil,jmilj0@oakley.com,Male,74.246.84.75
686,Hailey,Scarsbrook,hscarsbrookj1@biblegateway.com,Male,235.126.38.194
687,Antony,Cuphus,acuphusj2@bbb.org,Male,33.90.78.199
688,Richy,Cocozza,rcocozzaj3@oakley.com,Male,71.157.240.49
689,Prent,Parzis,pparzisj4@tripod.com,Male,17.239.173.11
690,Julio,Kittredge,jkittredgej5@zdnet.com,Male,168.178.237.111
691,Jacquenetta,Hulbert,jhulbertj6@usatoday.com,Female,162.125.254.15
692,Sawyere,Brumhead,sbrumheadj7@usgs.gov,Male,195.63.15.89
693,Bab,Sweeney,bsweeneyj8@godaddy.com,Female,35.136.167.229
694,Phineas,Manoch,pmanochj9@jigsy.com,Male,125.142.230.159
695,Warden,Hellcat,whellcatja@hubpages.com,Male,155.93.223.250
696,Avictor,Rushbury,arushburyjb@biblegateway.com,Male,104.160.229.139
697,Jacintha,Snookes,jsnookesjc@fastcompany.com,Female,174.178.243.165
698,Keslie,Patis,kpatisjd@ocn.ne.jp,Female,177.40.170.52
699,Jacquenette,Warsop,jwarsopje@tinyurl.com,Non-binary,245.156.2.173
700,Eli,Bessant,ebessantjf@bloomberg.com,Male,21.40.56.103
701,Diego,Congram,dcongramjg@usgs.gov,Male,213.138.54.100
702,Burr,Donan,bdonanjh@nytimes.com,Male,103.37.124.233
703,Tomasina,Tondeur,ttondeurji@tumblr.com,Female,91.24.180.92
704,Kalindi,Dunkley,kdunkleyjj@hao123.com,Female,10.153.243.89
705,Mercie,Haburne,mhaburnejk@tinyurl.com,Female,79.199.19.197
706,Robinett,Friedank,rfriedankjl@narod.ru,Female,188.33.107.73
707,Stephan,Lowis,slowisjm@aol.com,Male,117.42.84.116
708,Stefa,Edensor,sedensorjn@merriam-webster.com,Female,162.193.128.48
709,Lucita,Khristoforov,lkhristoforovjo@reference.com,Female,190.222.235.154
710,Rozalin,Ditter,rditterjp@nps.gov,Female,194.40.246.145
711,Ricki,Skunes,rskunesjq@cmu.edu,Male,34.86.30.26
712,Corney,Bichener,cbichenerjr@army.mil,Male,101.205.84.157
713,Kristyn,Whitehair,kwhitehairjs@cdbaby.com,Female,219.18.141.20
714,Ilka,MacIlurick,imacilurickjt@about.me,Female,177.165.118.91
715,Dixie,Woofendell,dwoofendellju@webs.com,Female,200.165.130.213
716,Lek,Menloe,lmenloejv@php.net,Male,226.210.71.242
717,Carrol,Kimberly,ckimberlyjw@harvard.edu,Male,166.77.131.145
718,Roch,Moncarr,rmoncarrjx@oracle.com,Female,181.232.211.222
719,Fernanda,Conklin,fconklinjy@washingtonpost.com,Female,40.14.189.2
720,Dehlia,Kiehne,dkiehnejz@springer.com,Female,217.166.114.149
721,Dominique,Bertson,dbertsonk0@netscape.com,Female,31.161.47.169
722,Gaby,Jentges,gjentgesk1@weibo.com,Male,233.234.63.14
723,Marney,Tatterton,mtattertonk2@simplemachines.org,Agender,244.138.121.245
724,Aggie,Dumbleton,adumbletonk3@umich.edu,Bigender,148.144.242.5
725,Dorree,Watting,dwattingk4@parallels.com,Polygender,65.159.132.67
726,Nady,O'Growgane,nogrowganek5@trellian.com,Female,58.96.78.114
727,Nathalia,Mattityahou,nmattityahouk6@bravesites.com,Female,127.199.230.155
728,Arley,Garnam,agarnamk7@java.com,Male,97.123.168.20
729,Dalila,MacPaike,dmacpaikek8@sohu.com,Female,197.66.116.182
730,Bondie,Fordham,bfordhamk9@creativecommons.org,Non-binary,11.115.39.43
731,Francis,Lyttle,flyttleka@hp.com,Male,182.225.75.219
732,Marsha,Echelle,mechellekb@sbwire.com,Genderfluid,118.71.169.32
733,Teena,Lydon,tlydonkc@uol.com.br,Female,241.15.151.190
734,Mehetabel,Dudney,mdudneykd@dot.gov,Female,205.109.155.129
735,Cele,Bartkiewicz,cbartkiewiczke@issuu.com,Female,218.176.94.30
736,Xylia,Giorgi,xgiorgikf@sciencedirect.com,Female,217.163.119.15
737,Isacco,Marquis,imarquiskg@utexas.edu,Male,58.227.252.230
738,Early,Greenalf,egreenalfkh@ning.com,Bigender,179.205.90.242
739,Kellen,Exeter,kexeterki@yelp.com,Male,245.48.16.36
740,Adolpho,Bearblock,abearblockkj@salon.com,Male,230.238.18.216
741,Winona,Workes,wworkeskk@hubpages.com,Female,32.254.35.240
742,Waring,Lount,wlountkl@deliciousdays.com,Male,139.249.23.65
743,Rafaela,Daldry,rdaldrykm@usda.gov,Female,249.88.115.246
744,Meade,Cambden,mcambdenkn@geocities.jp,Female,222.99.6.49
745,Stearne,Stirrip,sstirripko@japanpost.jp,Male,137.122.232.8
746,Eddie,Medgwick,emedgwickkp@jimdo.com,Male,139.4.197.205
747,Brandise,Gayther,bgaytherkq@pbs.org,Female,64.200.75.195
748,Pate,Gilligan,pgilligankr@marriott.com,Male,156.210.36.105
749,Lizbeth,Eskrigge,leskriggeks@cargocollective.com,Female,207.242.1.190
750,Yasmeen,Skeene,yskeenekt@g.co,Female,137.15.134.111
751,Bebe,Paroni,bparoniku@taobao.com,Female,127.23.122.140
752,Eula,Shurey,eshureykv@amazon.com,Female,80.90.177.195
753,Audra,Boleyn,aboleynkw@fastcompany.com,Female,134.110.4.159
754,Ilise,Heister,iheisterkx@yahoo.com,Female,144.139.244.128
755,Niki,Corsor,ncorsorky@alexa.com,Female,101.31.159.201
756,Bevan,Stichall,bstichallkz@cocolog-nifty.com,Male,86.95.165.96
757,Sharon,Beardsdale,sbeardsdalel0@blogs.com,Female,130.208.228.176
758,Caresse,Antoshin,cantoshinl1@yale.edu,Female,180.208.107.212
759,Chaim,Elphick,celphickl2@bigcartel.com,Male,141.78.223.125
760,Peggy,Keeting,pkeetingl3@unc.edu,Female,92.150.139.48
761,Nelia,Helstrip,nhelstripl4@addtoany.com,Female,213.56.117.157
762,Maren,Gyles,mgylesl5@upenn.edu,Female,116.109.66.26
763,Blondelle,Matuschek,bmatuschekl6@lycos.com,Female,47.33.249.21
764,Silvano,Beattie,sbeattiel7@4shared.com,Male,52.123.211.241
765,Nikaniki,Turl,nturll8@phoca.cz,Female,152.86.74.99
766,Nicky,Kinnerley,nkinnerleyl9@vistaprint.com,Female,134.116.63.215
767,Virgie,Walton,vwaltonla@sourceforge.net,Male,106.116.124.125
768,Umberto,Ventris,uventrislb@so-net.ne.jp,Male,138.154.94.140
769,Hamlen,Tegeller,htegellerlc@howstuffworks.com,Male,151.252.245.86
770,Odette,Allbon,oallbonld@fema.gov,Female,90.131.212.186
771,Sofie,Zeale,szealele@amazon.co.jp,Female,66.239.251.138
772,Frankie,Cranmore,fcranmorelf@canalblog.com,Female,138.233.101.165
773,Caitrin,Sharpless,csharplesslg@shop-pro.jp,Female,141.125.113.78
774,Dan,Simonyi,dsimonyilh@multiply.com,Male,191.27.67.235
775,Toddie,Dowry,tdowryli@answers.com,Male,184.53.129.247
776,Dynah,Stinton,dstintonlj@moonfruit.com,Genderqueer,75.112.60.155
777,Dionisio,Beden,dbedenlk@mapy.cz,Agender,116.199.206.152
778,Magdaia,Ayris,mayrisll@army.mil,Female,65.134.255.212
779,Perry,Stanger,pstangerlm@squidoo.com,Male,170.128.24.112
780,Beilul,Tunnick,btunnickln@php.net,Female,181.196.125.134
781,Millard,Curton,mcurtonlo@fc2.com,Male,73.185.128.6
782,Jodi,Baddiley,jbaddileylp@devhub.com,Male,190.240.232.54
783,Garik,Giddings,ggiddingslq@technorati.com,Male,124.206.149.111
784,Donnajean,Lilloe,dlilloelr@npr.org,Female,76.202.61.84
785,Maiga,Clementel,mclementells@usgs.gov,Female,112.155.164.105
786,Georgena,Greenlees,ggreenleeslt@cam.ac.uk,Agender,156.95.35.246
787,Sindee,Daffern,sdaffernlu@webmd.com,Female,47.240.175.165
788,Gussie,Ausello,gausellolv@berkeley.edu,Female,148.44.229.173
789,Michell,Tye,mtyelw@baidu.com,Female,184.105.217.159
790,Ed,Choulerton,echoulertonlx@usnews.com,Male,179.157.169.32
791,Meyer,Hurdidge,mhurdidgely@apple.com,Bigender,2.25.62.200
792,Bernie,Bartleman,bbartlemanlz@xing.com,Female,134.78.221.255
793,Richard,Reedie,rreediem0@miitbeian.gov.cn,Male,41.147.101.173
794,Marcello,Winstone,mwinstonem1@xinhuanet.com,Male,9.159.199.167
795,Freeman,Hartwell,fhartwellm2@acquirethisname.com,Polygender,100.126.251.0
796,Glenn,Joron,gjoronm3@fotki.com,Male,233.9.107.93
797,Adrea,Elloway,aellowaym4@youtube.com,Female,155.114.107.78
798,Carissa,Edmand,cedmandm5@bbb.org,Non-binary,62.23.111.167
799,Jerrold,Roskrug,jroskrugm6@examiner.com,Male,89.114.98.180
800,Roley,Tregenna,rtregennam7@behance.net,Male,213.200.136.108
801,Bernetta,Nornasell,bnornasellm8@google.co.jp,Female,158.156.157.14
802,Lorri,O'Fogarty,lofogartym9@amazon.com,Female,74.190.23.224
803,Katrinka,Mouth,kmouthma@fda.gov,Female,122.13.93.175
804,Violet,Blackett,vblackettmb@dyndns.org,Female,160.32.61.248
805,Arel,Stembridge,astembridgemc@twitpic.com,Male,248.181.214.125
806,Tallia,Henner,thennermd@nydailynews.com,Female,232.222.251.239
807,Allix,Grayer,agrayerme@creativecommons.org,Female,190.119.213.236
808,Tiebold,Tweedy,ttweedymf@bloglines.com,Male,50.127.132.140
809,Raphael,Howgego,rhowgegomg@ezinearticles.com,Male,29.93.22.251
810,Helen-elizabeth,Hornung,hhornungmh@google.ru,Female,75.7.230.133
811,Ephrem,Trewhitt,etrewhittmi@weibo.com,Male,208.210.221.94
812,Melloney,Macauley,mmacauleymj@tripadvisor.com,Female,237.81.198.38
813,Annis,Sowley,asowleymk@jugem.jp,Female,104.206.160.155
814,Teirtza,Van Giffen,tvangiffenml@cloudflare.com,Female,148.24.162.89
815,Terence,Trounce,ttrouncemm@aol.com,Male,82.157.177.175
816,Arie,Pernell,apernellmn@stanford.edu,Male,198.194.85.242
817,Joan,Ninotti,jninottimo@sciencedirect.com,Female,33.24.19.10
818,Elora,Capozzi,ecapozzimp@engadget.com,Female,41.173.199.10
819,Waverley,Borer,wborermq@sciencedirect.com,Male,151.88.51.175
820,Levon,Leport,lleportmr@smh.com.au,Male,115.248.131.147
821,Catlee,Ferrillo,cferrilloms@github.com,Female,244.140.250.46
822,Jeniffer,Measen,jmeasenmt@gravatar.com,Bigender,30.19.40.120
823,Millisent,Kornas,mkornasmu@mozilla.org,Female,250.16.112.153
824,Marj,Sprowell,msprowellmv@wikia.com,Female,140.29.80.24
825,Juli,Jeary,jjearymw@dedecms.com,Female,195.84.117.67
826,Jaquelin,Bunt,jbuntmx@ezinearticles.com,Female,193.210.113.127
827,Mirelle,Cherrison,mcherrisonmy@walmart.com,Female,60.176.156.56
828,Keene,Calcraft,kcalcraftmz@phpbb.com,Male,77.46.191.208
829,Sigismundo,Zaniolo,szaniolon0@unc.edu,Male,63.4.227.114
830,Frazer,Adamiec,fadamiecn1@fc2.com,Male,79.134.112.147
831,Hanni,Pentin,hpentinn2@reference.com,Female,138.214.159.35
832,Felicle,Stubbs,fstubbsn3@europa.eu,Female,154.16.92.75
833,Brendin,Dilon,bdilonn4@webnode.com,Male,89.180.70.60
834,Garrard,Domeney,gdomeneyn5@elpais.com,Non-binary,239.52.237.148
835,Waylon,Arthan,warthann6@whitehouse.gov,Male,57.92.195.101
836,Hamel,Statham,hstathamn7@de.vu,Male,13.133.22.150
837,Son,Greenhow,sgreenhown8@slideshare.net,Male,245.221.133.250
838,Dyna,Molen,dmolenn9@slideshare.net,Female,81.82.195.11
839,Mattie,Luney,mluneyna@studiopress.com,Male,48.189.126.216
840,Brennan,Olner,bolnernb@craigslist.org,Male,39.53.251.193
841,Tobin,Plumridege,tplumridegenc@java.com,Male,109.73.198.188
842,Lisabeth,Georg,lgeorgnd@indiegogo.com,Female,32.118.34.69
843,Tobit,Runnacles,trunnaclesne@delicious.com,Male,195.190.23.176
844,Happy,Tohill,htohillnf@cnet.com,Female,45.209.87.176
845,Johanna,Bromige,jbromigeng@ycombinator.com,Female,214.109.53.92
846,Cris,Shimmings,cshimmingsnh@youku.com,Female,240.17.26.183
847,Neill,Echalier,nechalierni@delicious.com,Male,194.203.86.159
848,Sibel,Ingerman,singermannj@craigslist.org,Female,109.40.150.28
849,Pris,Berns,pbernsnk@thetimes.co.uk,Agender,95.83.84.237
850,Nicolais,Boc,nbocnl@yandex.ru,Male,134.230.222.163
851,Richart,Fosken,rfoskennm@webeden.co.uk,Male,187.48.96.91
852,Cherry,Mitchard,cmitchardnn@tripod.com,Female,155.99.32.149
853,Malia,Kindle,mkindleno@pcworld.com,Female,64.22.172.235
854,Stacy,Dubery,sduberynp@rambler.ru,Male,115.6.172.95
855,Hally,Catmull,hcatmullnq@forbes.com,Female,191.125.232.230
856,Ingaborg,Dudderidge,idudderidgenr@usda.gov,Female,239.1.149.25
857,Porty,Innwood,pinnwoodns@go.com,Male,119.227.88.83
858,Lizette,L'Episcopi,llepiscopint@ask.com,Female,143.125.55.205
859,Alejoa,Wilkisson,awilkissonnu@multiply.com,Male,69.188.127.191
860,Candy,Sprey,cspreynv@newsvine.com,Female,201.219.152.154
861,Anderson,Gerber,agerbernw@canalblog.com,Male,76.170.208.34
862,Alejoa,Fowgies,afowgiesnx@hc360.com,Male,82.197.142.128
863,Nicholle,Suston,nsustonny@harvard.edu,Female,210.172.86.155
864,Guss,Daice,gdaicenz@cafepress.com,Male,161.203.38.41
865,Cully,Yanez,cyanezo0@ameblo.jp,Male,33.186.190.132
866,Timmie,Fenemore,tfenemoreo1@google.co.uk,Female,100.26.89.101
867,Marta,Fawlkes,mfawlkeso2@illinois.edu,Female,181.211.170.6
868,Erwin,Mattaus,emattauso3@miibeian.gov.cn,Male,202.162.89.199
869,Derek,John,djohno4@surveymonkey.com,Male,147.164.36.98
870,Braden,Honeyghan,bhoneyghano5@ox.ac.uk,Male,196.96.47.109
871,Brianna,Pietrzyk,bpietrzyko6@vkontakte.ru,Female,8.203.221.232
872,Rainer,Pilger,rpilgero7@ca.gov,Male,119.176.229.186
873,Berky,Bassingham,bbassinghamo8@bloomberg.com,Male,72.221.213.237
874,Albie,Avramov,aavramovo9@hp.com,Male,150.231.170.124
875,Ted,Vigers,tvigersoa@so-net.ne.jp,Male,178.219.131.162
876,Ramsey,Leys,rleysob@ihg.com,Male,217.244.84.58
877,Raddie,Coppen,rcoppenoc@deliciousdays.com,Male,36.117.209.152
878,Kylynn,Shallcross,kshallcrossod@ebay.com,Non-binary,229.119.130.33
879,Venus,Saltsberger,vsaltsbergeroe@ocn.ne.jp,Female,175.48.92.172
880,Beck,Nelthorp,bnelthorpof@ehow.com,Male,72.52.172.39
881,Danielle,Mordanti,dmordantiog@slideshare.net,Female,89.113.86.251
882,Kin,Gane,kganeoh@gizmodo.com,Male,66.190.193.80
883,Ash,Tolland,atollandoi@nyu.edu,Male,199.190.161.150
884,Dody,Turmel,dturmeloj@unesco.org,Female,28.123.151.63
885,Giacomo,Yepiskov,gyepiskovok@ustream.tv,Bigender,194.188.7.182
886,Samuel,Van der Brugge,svanderbruggeol@miitbeian.gov.cn,Male,211.37.216.67
887,Binni,Perkis,bperkisom@reddit.com,Female,247.13.171.218
888,Llewellyn,Pentlow,lpentlowon@hubpages.com,Male,119.189.37.121
889,Abraham,Dummer,adummeroo@moonfruit.com,Male,123.89.228.195
890,Jamie,Siseland,jsiselandop@t.co,Female,16.152.217.0
891,Dmitri,Nickoles,dnickolesoq@wikispaces.com,Male,233.179.167.122
892,Olive,Millom,omillomor@dailymail.co.uk,Female,16.45.112.19
893,Ike,Meffan,imeffanos@skyrock.com,Male,144.121.143.192
894,Aldwin,Gameson,agamesonot@cornell.edu,Male,97.234.26.14
895,Tierney,Casbon,tcasbonou@phoca.cz,Female,109.132.110.225
896,Ellie,Breakwell,ebreakwellov@blog.com,Female,198.102.184.22
897,Hunfredo,Swinglehurst,hswinglehurstow@zimbio.com,Male,94.6.218.251
898,Shanon,Keele,skeeleox@liveinternet.ru,Female,70.151.47.241
899,Burr,Martelet,bmarteletoy@theglobeandmail.com,Genderfluid,139.111.141.82
900,Alaine,Jean,ajeanoz@amazon.de,Non-binary,121.4.235.253
901,Garrik,Iacovielli,giacoviellip0@mayoclinic.com,Genderqueer,122.108.9.41
902,Chiquia,Fyers,cfyersp1@nytimes.com,Female,29.68.91.90
903,Bink,Fewings,bfewingsp2@freewebs.com,Male,147.59.91.48
904,Tripp,McFetrich,tmcfetrichp3@simplemachines.org,Male,40.249.88.169
905,Claudetta,Bleasdille,cbleasdillep4@columbia.edu,Female,85.28.205.212
906,Ferdinande,MacMarcuis,fmacmarcuisp5@1688.com,Female,85.212.52.3
907,Darrell,Bum,dbump6@wikia.com,Male,125.45.248.180
908,Jillana,Cowthart,jcowthartp7@home.pl,Female,62.116.219.100
909,Robinetta,Dighton,rdightonp8@barnesandnoble.com,Female,10.101.20.126
910,Agathe,Oades,aoadesp9@newsvine.com,Female,165.148.180.79
911,Channa,Millward,cmillwardpa@icio.us,Female,154.45.94.157
912,Craggie,Gatesman,cgatesmanpb@sitemeter.com,Male,123.203.239.175
913,Lancelot,Vasilmanov,lvasilmanovpc@google.ru,Male,171.132.103.29
914,Erminie,Beccles,ebecclespd@deliciousdays.com,Female,3.13.249.3
915,Vivi,Jordeson,vjordesonpe@example.com,Female,183.104.234.194
916,Durante,Carpenter,dcarpenterpf@imgur.com,Male,15.22.60.179
917,Thaxter,Gauntlett,tgauntlettpg@elegantthemes.com,Male,185.102.134.130
918,Roxana,Troctor,rtroctorph@delicious.com,Female,119.140.39.28
919,Jaynell,Kleimt,jkleimtpi@spiegel.de,Female,184.113.53.55
920,Sylas,Lilburne,slilburnepj@cdbaby.com,Male,165.41.222.22
921,Jerrold,Vanyashkin,jvanyashkinpk@intel.com,Male,17.140.93.137
922,Decca,Duguid,dduguidpl@dagondesign.com,Male,42.15.119.42
923,Davis,Daffey,ddaffeypm@dmoz.org,Male,243.64.168.247
924,Sargent,Farlane,sfarlanepn@fda.gov,Male,28.42.214.148
925,Rowen,Elloway,rellowaypo@sitemeter.com,Male,38.212.58.96
926,Joy,Shear,jshearpp@msn.com,Female,233.244.250.193
927,Sampson,Hunnicutt,shunnicuttpq@usgs.gov,Non-binary,211.100.208.27
928,Roy,Billows,rbillowspr@accuweather.com,Male,181.91.210.138
929,Lindsey,Branthwaite,lbranthwaiteps@economist.com,Female,109.245.38.34
930,Fleming,Tewkesberrie,ftewkesberriept@list-manage.com,Male,208.128.37.180
931,Danny,Clurow,dclurowpu@miibeian.gov.cn,Male,96.232.120.143
932,Wadsworth,Cowlin,wcowlinpv@deliciousdays.com,Male,209.165.248.58
933,Even,Ludron,eludronpw@bravesites.com,Male,179.11.35.208
934,Farrel,Docket,fdocketpx@blogger.com,Male,162.121.120.174
935,Timmy,Dumbar,tdumbarpy@ftc.gov,Male,217.186.243.93
936,Leontine,Andresser,landresserpz@smugmug.com,Female,164.253.141.32
937,Barnabas,Seago,bseagoq0@rediff.com,Male,191.124.44.148
938,Kasper,Penwell,kpenwellq1@biblegateway.com,Male,235.152.79.234
939,Cornelius,MacGruer,cmacgruerq2@reverbnation.com,Male,133.97.203.196
940,Fallon,Munns,fmunnsq3@drupal.org,Female,197.0.240.138
941,Darwin,Pettipher,dpettipherq4@usatoday.com,Male,146.251.222.201
942,Lindy,Sertin,lsertinq5@photobucket.com,Female,100.79.77.226
943,Donn,Phillcox,dphillcoxq6@chronoengine.com,Male,2.1.202.148
944,Andrus,Bredbury,abredburyq7@latimes.com,Male,243.126.8.186
945,Cullie,Plant,cplantq8@kickstarter.com,Male,233.13.57.69
946,Evania,Domanek,edomanekq9@merriam-webster.com,Female,243.19.40.231
947,Margaret,Duffett,mduffettqa@icq.com,Non-binary,221.38.155.55
948,Peder,Ghion,pghionqb@adobe.com,Male,200.112.158.227
949,Forster,McQuillan,fmcquillanqc@mysql.com,Male,94.175.77.97
950,Lyndsey,Wilton,lwiltonqd@arstechnica.com,Female,252.149.101.178
951,Stormy,Praill,spraillqe@jigsy.com,Female,253.74.130.117
952,Ignace,Wolfenden,iwolfendenqf@cdbaby.com,Male,195.78.125.187
953,Eal,Hearnshaw,ehearnshawqg@privacy.gov.au,Male,191.247.130.155
954,Cos,Robertelli,crobertelliqh@twitter.com,Male,152.26.143.236
955,Joye,Shelper,jshelperqi@360.cn,Polygender,34.66.158.81
956,Frederick,Langston,flangstonqj@foxnews.com,Male,81.22.72.50
957,Clifford,Langton,clangtonqk@tiny.cc,Male,200.127.48.234
958,Hughie,Pickthall,hpickthallql@nba.com,Male,152.136.109.106
959,Gabriell,Greg,ggregqm@pagesperso-orange.fr,Polygender,201.223.232.214
960,Norris,Tatlock,ntatlockqn@columbia.edu,Male,6.185.14.145
961,Humphrey,Devonside,hdevonsideqo@hostgator.com,Male,81.15.148.220
962,Gert,De Domenico,gdedomenicoqp@ycombinator.com,Female,21.6.126.141
963,Hedwiga,Vakhlov,hvakhlovqq@techcrunch.com,Female,77.158.63.117
964,Darryl,Darwent,ddarwentqr@twitpic.com,Genderqueer,253.231.164.166
965,Tull,Offa,toffaqs@purevolume.com,Male,115.246.41.54
966,Deena,MacCosto,dmaccostoqt@meetup.com,Female,229.126.25.144
967,Meggi,Packham,mpackhamqu@ifeng.com,Female,243.221.249.222
968,Siobhan,Pesselt,spesseltqv@princeton.edu,Female,246.99.133.140
969,Mariele,Bumpus,mbumpusqw@last.fm,Female,113.90.249.77
970,Udell,Eye,ueyeqx@earthlink.net,Male,186.13.113.82
971,Connie,Dougary,cdougaryqy@addthis.com,Male,200.110.245.239
972,Saudra,Warrior,swarriorqz@webmd.com,Female,152.126.49.101
973,Hiram,Foord,hfoordr0@joomla.org,Male,159.96.197.16
974,Idelle,Dormer,idormerr1@uol.com.br,Female,191.79.112.97
975,Winne,Prescot,wprescotr2@nytimes.com,Female,57.59.28.15
976,Markus,Caldow,mcaldowr3@bizjournals.com,Male,242.40.151.228
977,Phil,Bodimeade,pbodimeader4@mtv.com,Male,118.44.210.13
978,Selma,Leil,sleilr5@plala.or.jp,Female,221.88.78.27
979,Dorolice,Aspray,dasprayr6@phpbb.com,Female,127.162.252.252
980,Avigdor,Awde,aawder7@dion.ne.jp,Male,188.123.72.245
981,Leroy,Garrand,lgarrandr8@multiply.com,Male,227.197.157.193
982,Pru,Hirsthouse,phirsthouser9@ibm.com,Female,11.144.47.19
983,Ricky,Halt,rhaltra@friendfeed.com,Female,61.212.183.135
984,Isadora,Reide,ireiderb@behance.net,Female,181.160.127.69
985,Analiese,Birdfield,abirdfieldrc@imgur.com,Female,101.73.174.80
986,Reba,Siviour,rsiviourrd@tinypic.com,Female,232.57.123.181
987,Norah,Eyckel,neyckelre@so-net.ne.jp,Female,46.77.36.122
988,Halsy,Westraw,hwestrawrf@shinystat.com,Male,48.122.165.64
989,Gabriella,Candie,gcandierg@house.gov,Female,165.32.93.11
990,Nessi,Volage,nvolagerh@toplist.cz,Female,15.87.178.179
991,Hayes,Chung,hchungri@cdc.gov,Male,170.78.196.66
992,Norine,Borrie,nborrierj@cisco.com,Female,127.116.209.59
993,Bastien,Duberry,bduberryrk@techcrunch.com,Male,133.106.41.124
994,Garth,Karle,gkarlerl@google.com.au,Male,147.105.231.8
995,Jozef,Aberkirdo,jaberkirdorm@tuttocitta.it,Male,149.23.147.211
996,Doris,Paffett,dpaffettrn@tamu.edu,Female,17.193.147.154
997,Carly,Bax,cbaxro@liveinternet.ru,Female,41.171.14.78
998,Frank,Laurentin,flaurentinrp@sitemeter.com,Male,73.38.185.154
999,Lizzie,Jacobssen,ljacobssenrq@skype.com,Female,89.226.34.200
1000,Wilone,Rangle,wranglerr@usa.gov,Female,82.154.49.181
